user,peak_score,anomaly_days,peak_risk,ground_truth_insider
AJF0370,0.7894,373,0.7714,0
MPM0220,0.7883,217,0.7709,1
IBB0359,0.7862,347,0.7158,0
EIS0041,0.7836,337,0.6816,0
MOS0047,0.7854,173,0.6693,1
BSS0369,0.7867,238,0.6546,1
BAL0044,0.7844,337,0.6499,0
HDS0367,0.7849,341,0.6163,0
GTD0219,0.7704,115,0.6154,1
CCA0046,0.7777,199,0.5814,1
MCF0600,0.7983,5,0.405,1
MAR0955,0.7828,6,0.3826,1
WDD0366,0.7764,97,0.3569,1
MAS0025,0.7728,5,0.3524,1
AVM0947,0.7617,137,0.3316,0
JRG0207,0.7744,4,0.3104,1
AIB0948,0.763,126,0.3076,0
DLM0051,0.7507,291,0.2927,0
BDV0168,0.7815,4,0.2911,1
DCH0843,0.7646,5,0.2865,1
PPF0435,0.7643,3,0.2828,1
GNS0178,0.7431,38,0.2758,0
JGT0221,0.7635,38,0.2714,1
CAH0936,0.7896,7,0.2615,1
AJR0932,0.789,3,0.2564,1
KLH0596,0.7821,2,0.2521,1
CSC0217,0.7746,27,0.252,1
BIH0745,0.7482,3,0.2482,1
THR0873,0.7597,93,0.2467,0
FMG0527,0.7656,4,0.242,1
WIF0691,0.7248,178,0.2409,0
EHD0584,0.7369,5,0.2403,1
AAM0658,0.7535,5,0.2391,1
SAA0999,0.7241,228,0.2381,0
ZKS0899,0.7045,60,0.2361,0
RKD0604,0.7694,2,0.2318,1
TAP0551,0.7482,4,0.2302,1
QRM0739,0.7231,45,0.218,0
HRL0540,0.7301,174,0.2125,0
BTL0226,0.7555,5,0.2077,1
RSC0089,0.7444,93,0.2063,0
GHL0460,0.7739,2,0.2035,1
FTM0406,0.7794,2,0.2022,1
BJM0111,0.731,73,0.2022,0
JLM0364,0.7497,67,0.202,1
RGG0064,0.764,3,0.1999,1
JMB0308,0.7723,4,0.1993,1
BAJ0654,0.7153,39,0.1989,0
BRM0995,0.7096,152,0.1986,0
JDF0593,0.7226,87,0.1952,0
BMG0917,0.7323,151,0.1951,0
LBH0942,0.6908,229,0.1927,0
JTM0223,0.7567,71,0.1922,1
MSO0222,0.7785,49,0.1907,1
CLB0774,0.7295,66,0.1906,0
MDM0625,0.7004,102,0.189,0
RAB0589,0.7272,3,0.1836,1
LQC0479,0.7844,3,0.1823,1
KKW0879,0.7379,66,0.1764,0
BVC0790,0.7114,20,0.1759,0
ILH0958,0.7438,44,0.1733,0
DFH0188,0.7165,82,0.1695,0
EHB0824,0.771,4,0.1689,1
HSB0196,0.7631,49,0.1688,0
BLS0678,0.7229,2,0.1632,1
HJB0742,0.7447,4,0.1614,1
MYD0978,0.7635,3,0.1614,1
OBH0499,0.7321,40,0.1583,0
ACC0042,0.6556,61,0.1579,0
KPC0073,0.7061,5,0.1566,1
CCL0068,0.6826,4,0.1516,1
PNH0761,0.7521,22,0.15,0
HPH0075,0.6966,81,0.1469,0
BBS0039,0.728,40,0.1466,1
NOB0181,0.6852,34,0.1431,0
RHO0732,0.7188,23,0.1429,0
JDB0169,0.6988,115,0.1428,0
MOH0273,0.6938,114,0.1422,0
BBS0422,0.7433,14,0.1414,0
CAS0507,0.7121,38,0.14,0
LBF0214,0.742,36,0.14,0
JMK0099,0.7392,14,0.1371,0
LJR0523,0.7375,5,0.1354,1
KCF0045,0.6465,74,0.1343,0
CTA0020,0.7165,36,0.1338,0
JMD0520,0.7303,13,0.1323,0
HWY0038,0.6518,24,0.1308,0
RAW0915,0.695,14,0.13,0
HRB0351,0.7226,18,0.1292,0
QNP0216,0.6492,69,0.1288,0
MLM0950,0.7179,48,0.1277,0
IRM0931,0.7283,38,0.1274,0
WXH0872,0.7284,18,0.1263,0
AHD0848,0.7071,19,0.123,0
BWP0202,0.7094,28,0.1225,0
RVF0201,0.7246,7,0.1224,0
JCC0225,0.6488,65,0.1209,0
KMB0922,0.7229,21,0.1208,0
TNM0961,0.6834,19,0.1197,1
LCB0664,0.7027,50,0.1173,0
CBB0365,0.657,102,0.1173,0
CHM0821,0.7193,13,0.1172,0
IIW0249,0.7192,37,0.117,0
HWW0436,0.7022,9,0.1169,0
DMK0257,0.7154,23,0.1167,0
RHL0992,0.6779,14,0.1159,1
UIR0043,0.6514,84,0.1151,0
DFR0218,0.6539,57,0.1147,0
VTT0385,0.6807,34,0.1144,0
JJM0203,0.6915,14,0.1143,1
DMG0358,0.6465,74,0.1138,0
LDG0459,0.7156,9,0.1135,0
TDS0984,0.7104,31,0.1126,0
SBN0866,0.7134,29,0.1124,0
BKW0374,0.6503,57,0.112,0
AIP0982,0.6868,30,0.1119,0
MNS0224,0.6496,62,0.1115,0
SOB0360,0.6503,37,0.1111,0
MBJ0312,0.7078,10,0.111,0
ESH0283,0.7044,11,0.1109,0
RUM0880,0.693,19,0.1101,0
HCM0267,0.6761,109,0.1091,0
KCO0122,0.6963,41,0.1082,0
DIB0081,0.7097,9,0.1076,0
NAF0326,0.6967,34,0.1062,0
LBC0356,0.6513,102,0.1059,0
SAK0375,0.6419,76,0.1052,0
JDC0030,0.7072,17,0.1051,0
TSM0363,0.64,74,0.1041,0
JBD0616,0.7049,30,0.1039,0
LJT0817,0.6936,25,0.102,0
LIM0674,0.7022,6,0.1016,0
MSH0040,0.6437,61,0.1009,0
GHH0288,0.6835,7,0.1008,0
KSP0357,0.6415,46,0.1004,0
NGF0157,0.7025,18,0.1004,0
JRS0362,0.64,69,0.1002,0
ATP0662,0.6967,14,0.1,0
WPR0368,0.6444,82,0.099,0
HCL0651,0.6968,25,0.0978,0
QOS0878,0.6974,8,0.0974,0
NGC0058,0.6991,19,0.0971,0
VSA0230,0.6948,8,0.0965,0
CIM0271,0.6932,17,0.096,0
GKO0078,0.6972,16,0.096,0
BTR0403,0.6897,21,0.0959,0
ESJ0670,0.6689,17,0.0927,0
VIA0063,0.6778,16,0.0921,0
KCS0173,0.689,13,0.0914,0
DBB0384,0.6667,16,0.0909,0
JAV0361,0.6437,60,0.0908,0
KJP0371,0.64,73,0.0903,0
VCC0396,0.69,26,0.0897,0
JHP0583,0.6879,21,0.0891,0
SJO0209,0.6872,9,0.089,0
NDM0417,0.6911,8,0.089,0
HAD0246,0.6801,12,0.0888,0
FEB0306,0.6907,3,0.0885,0
LRR0148,0.675,43,0.0875,0
FSC0601,0.689,10,0.087,1
RLG0856,0.6886,9,0.0864,0
NWT0098,0.6513,3,0.0856,1
KRV0372,0.6442,67,0.0855,0
MVH0373,0.6516,10,0.0833,0
PAD0773,0.6661,16,0.0833,0
BJP0134,0.6835,7,0.0822,0
FFC0891,0.6821,8,0.0799,0
AJH0175,0.6815,4,0.0794,0
AJD0074,0.6777,23,0.0787,0
DIW0118,0.6802,34,0.0784,0
IBS0836,0.6791,13,0.078,0
RRP0568,0.6799,8,0.0778,0
CPG0322,0.677,18,0.0761,0
IKR0401,0.6644,5,0.0752,1
JJH0613,0.6746,18,0.074,0
GCS0571,0.6692,5,0.0737,0
PMV0850,0.6756,11,0.0735,0
AOK0844,0.6747,17,0.0727,0
AHM0410,0.6724,9,0.0702,0
IBB0696,0.672,7,0.0699,0
MLL0598,0.6719,6,0.0698,0
JCG0316,0.6704,20,0.0697,0
VFM0814,0.6711,5,0.069,0
RSM0277,0.67,14,0.0679,0
LCC0819,0.6625,5,0.0676,1
WBC0192,0.6472,12,0.0669,0
CQW0652,0.667,7,0.0664,1
SNC0187,0.6679,10,0.0658,0
CFM0767,0.6672,7,0.0652,0
FKK0055,0.6668,3,0.0646,0
SGM0021,0.6663,8,0.0641,0
DPM0423,0.66,6,0.0636,0
CAB0614,0.6657,7,0.0636,0
OCS0865,0.6653,12,0.0631,0
JTS0389,0.6649,2,0.0628,0
AJN0607,0.6645,12,0.0623,0
AKR0057,0.6591,12,0.0621,1
MKW0441,0.6633,10,0.0612,0
MTB0620,0.6584,4,0.061,0
IJM0444,0.6628,10,0.0607,0
BBG0325,0.6534,8,0.0605,0
HVF0067,0.6624,13,0.0603,0
DRR0162,0.6559,4,0.0601,1
QJR0688,0.6617,12,0.0596,0
XWD0923,0.6483,35,0.0593,0
MVB0515,0.6611,8,0.059,0
LOM0086,0.6608,2,0.0586,0
MDH0580,0.6564,2,0.058,1
EAH0466,0.6575,2,0.0566,0
USH0199,0.6486,4,0.0563,0
CCM0136,0.6576,5,0.056,0
NMS0280,0.6579,9,0.0558,0
ATE0869,0.6562,11,0.0541,0
AMR0318,0.6562,11,0.054,0
HFB0347,0.6536,12,0.0527,0
IKP0472,0.6547,10,0.0526,0
KWE0082,0.6541,3,0.052,0
CGB0637,0.653,27,0.0516,0
RAR0725,0.6527,2,0.0506,1
JNJ0556,0.6527,3,0.0506,0
GCL0016,0.6522,4,0.0501,0
KBG0549,0.6513,5,0.0492,0
RNP0211,0.651,6,0.0489,0
PDH0716,0.6489,10,0.047,0
EMW0772,0.634,5,0.0468,0
HXL0968,0.6427,7,0.0465,1
SMY0792,0.6484,5,0.0462,0
IBM0671,0.6471,3,0.046,0
ABC0174,0.645,3,0.0459,1
OLW0689,0.648,7,0.0459,0
ILJ0526,0.6427,5,0.0454,0
PMC0328,0.6467,2,0.0446,0
SCP0130,0.6464,1,0.0443,0
XAA0104,0.6395,9,0.0443,0
MCD0125,0.6461,6,0.0442,0
JFC0557,0.6456,3,0.0435,0
EDB0714,0.6454,2,0.0432,1
UAD0771,0.6444,9,0.0423,0
BEH0615,0.6443,9,0.0421,0
MPT0376,0.6438,3,0.0416,0
HMM0108,0.6431,2,0.041,0
PSF0133,0.6414,2,0.0393,1
DAL0673,0.64,8,0.0381,0
SBN0971,0.6402,5,0.0381,0
CJP0952,0.6401,1,0.038,0
ESR0693,0.6391,5,0.0369,0
HDH0928,0.6377,2,0.0355,0
RTO0313,0.6368,2,0.0347,0
CJF0802,0.6358,1,0.0337,0
RDT0424,0.634,7,0.0328,0
CAA0612,0.6348,1,0.0327,0
RRC0553,0.6339,2,0.0317,0
BAH0875,0.6334,1,0.0313,0
BTN0061,0.6331,2,0.0309,0
JCR0172,0.6325,3,0.0304,0
VSS0154,0.6313,2,0.0292,1
GZC0735,0.63,4,0.0278,0
BIS0247,0.6298,2,0.0277,0
BRS0734,0.6294,1,0.0272,0
CAM0681,0.6288,2,0.0267,0
HDD0806,0.628,3,0.0259,0
BMT0528,0.6266,14,0.0257,0
CTR0341,0.6277,1,0.0256,0
CWR0502,0.6271,1,0.025,0
KJJ0293,0.6254,4,0.0232,0
NIH0969,0.6249,1,0.0227,0
ACV0812,0.624,1,0.0219,0
YDN0198,0.624,1,0.0219,0
CMB0912,0.6224,4,0.0203,0
MGS0974,0.6222,2,0.02,0
CQH0701,0.6208,6,0.0199,0
BQS0525,0.6213,5,0.0192,0
FGW0853,0.6197,1,0.0176,0
ANM0123,0.6195,1,0.0174,0
TQS0212,0.6195,3,0.0174,0
KMW0545,0.6185,2,0.0164,0
BDI0533,0.617,8,0.0149,0
TSR0676,0.617,4,0.0149,0
NHH0185,0.6157,6,0.0143,0
BRB0355,0.6157,1,0.0135,0
TVS0050,0.6145,1,0.0123,0
HWM0342,0.6141,1,0.012,0
GDF0704,0.6137,1,0.0116,0
JBM0350,0.6125,2,0.0104,0
DIB0285,0.6123,1,0.0102,1
VMJ0546,0.6122,1,0.01,0
ZDW0859,0.6119,3,0.0098,0
HBO0413,0.6116,3,0.0096,1
EHB0420,0.6116,2,0.0094,0
PID0426,0.6112,1,0.0091,0
DJB0159,0.6104,1,0.0082,0
ZJE0857,0.6103,1,0.0081,0
LUR0896,0.6095,1,0.0073,0
WSR0241,0.6069,2,0.0048,0
JJB0700,0.6069,3,0.0047,0
WRM0963,0.6054,4,0.0033,0
JKJ0698,0.6039,12,0.0027,0
NKP0236,0.6028,1,0.0007,0
ICH0294,0.6024,1,0.0002,0
WTF0387,0.3424,0,0.0,0
AAF0791,0.3165,0,0.0,0
AJR0319,0.3797,0,0.0,0
AJP0723,0.3195,0,0.0,0
AJL0462,0.5149,0,0.0,0
AJC0840,0.3165,0,0.0,0
AIS0405,0.3376,0,0.0,0
WDO0870,0.5854,0,0.0,0
WBC0315,0.3195,0,0.0,0
AAE0190,0.3165,0,0.0,0
EGK0893,0.3165,0,0.0,0
EGD0409,0.3926,0,0.0,0
EGD0132,0.5792,0,0.0,1
EFS0882,0.3165,0,0.0,0
EDA0684,0.553,0,0.0,0
ECR0822,0.3165,0,0.0,0
ECL0930,0.3708,0,0.0,0
ECF0828,0.3165,0,0.0,0
EBC0390,0.3433,0,0.0,0
DZC0228,0.3433,0,0.0,0
DVW0103,0.3195,0,0.0,0
DVM0265,0.5624,0,0.0,0
EPW0434,0.3376,0,0.0,0
ENL0100,0.3195,0,0.0,0
ENC0234,0.5378,0,0.0,0
EMW0105,0.3165,0,0.0,0
EMS0317,0.3195,0,0.0,0
EMB0531,0.368,0,0.0,0
ELT0769,0.3165,0,0.0,0
ELH0960,0.3195,0,0.0,0
ELB0847,0.5499,0,0.0,0
EJW0884,0.3165,0,0.0,0
EIP0997,0.3165,0,0.0,0
EIM0156,0.3195,0,0.0,0
EHR0096,0.3195,0,0.0,0
FDE0117,0.3165,0,0.0,0
FBW0747,0.5683,0,0.0,0
FBA0348,0.5035,0,0.0,0
FAW0032,0.5446,0,0.0,0
EZT0640,0.5043,0,0.0,0
EZH0736,0.3394,0,0.0,0
EWH0191,0.3675,0,0.0,0
ETR0428,0.5417,0,0.0,0
ETR0177,0.3165,0,0.0,0
DGW0752,0.3941,0,0.0,0
DGN0480,0.3165,0,0.0,0
DGM0754,0.3433,0,0.0,0
DGF0443,0.3377,0,0.0,0
DTT0076,0.3195,0,0.0,0
DTP0379,0.56,0,0.0,0
DSM0591,0.3165,0,0.0,0
DSB0731,0.3385,0,0.0,0
DRR0242,0.3376,0,0.0,0
DPS0262,0.5009,0,0.0,0
DOP0562,0.3165,0,0.0,0
DOL0332,0.3195,0,0.0,0
ESH0135,0.3165,0,0.0,0
ESA0642,0.3165,0,0.0,0
ERH0449,0.3376,0,0.0,0
FSB0399,0.3391,0,0.0,0
FRR0832,0.3165,0,0.0,0
FRL0511,0.3165,0,0.0,0
FRB0023,0.3195,0,0.0,0
FQA0854,0.534,0,0.0,0
FPC0954,0.3195,0,0.0,0
FOB0756,0.5982,0,0.0,0
FLM0213,0.3195,0,0.0,0
FKB0163,0.3195,0,0.0,0
FIR0920,0.5086,0,0.0,0
FHS0837,0.3165,0,0.0,0
FHO0630,0.3406,0,0.0,0
XHG0902,0.3165,0,0.0,0
GCS0518,0.3165,0,0.0,0
GCR0554,0.3377,0,0.0,0
GCG0951,0.6013,0,0.0,0
GCC0945,0.3195,0,0.0,0
GCC0744,0.3373,0,0.0,0
GBM0603,0.3401,0,0.0,0
GAF0570,0.5495,0,0.0,0
GAF0060,0.3401,0,0.0,0
FXF0957,0.3195,0,0.0,0
FWM0707,0.601,0,0.0,0
FUM0015,0.3165,0,0.0,0
GTD0116,0.3165,0,0.0,0
GRM0868,0.3195,0,0.0,0
GRC0145,0.3165,0,0.0,0
GQP0743,0.3376,0,0.0,0
GQF0659,0.3165,0,0.0,0
GOK0238,0.3406,0,0.0,0
GNZ0953,0.3698,0,0.0,0
GMF0738,0.3376,0,0.0,0
DAG0558,0.3165,0,0.0,0
CYA0506,0.3165,0,0.0,0
CXC0336,0.3195,0,0.0,0
CWB0065,0.5496,0,0.0,0
DLF0377,0.3376,0,0.0,0
DKB0631,0.3165,0,0.0,0
DJS0682,0.3165,0,0.0,0
DID0650,0.3165,0,0.0,0
DIC0988,0.3195,0,0.0,0
DHM0937,0.3195,0,0.0,0
GLR0975,0.3902,0,0.0,0
GJT0386,0.3391,0,0.0,0
GJD0298,0.3165,0,0.0,0
HCS0003,0.5548,0,0.0,0
HCL0113,0.3165,0,0.0,0
HCC0344,0.3195,0,0.0,0
HBB0056,0.3165,0,0.0,0
HAV0121,0.3165,0,0.0,0
HAM0985,0.3195,0,0.0,0
HAH0760,0.5348,0,0.0,0
HAH0248,0.3405,0,0.0,0
HAC0282,0.3165,0,0.0,0
GZB0469,0.3376,0,0.0,0
GTD0898,0.3165,0,0.0,0
HJA0018,0.3879,0,0.0,0
HIW0536,0.3397,0,0.0,0
HIA0414,0.3376,0,0.0,0
HGN0287,0.3165,0,0.0,0
HGH0595,0.3165,0,0.0,0
HGG0240,0.3373,0,0.0,0
HDL0748,0.3433,0,0.0,0
HDJ0446,0.3376,0,0.0,0
HDD0789,0.3195,0,0.0,0
HCW0419,0.3943,0,0.0,0
HCV0478,0.3615,0,0.0,0
HRD0635,0.5712,0,0.0,0
HPR0585,0.3608,0,0.0,0
HPM0986,0.3195,0,0.0,0
HOB0994,0.3165,0,0.0,0
HMW0713,0.3195,0,0.0,0
HLM0933,0.3195,0,0.0,0
CSB0080,0.3394,0,0.0,0
CRP0456,0.3405,0,0.0,0
CRO0027,0.5522,0,0.0,0
CRK0916,0.4909,0,0.0,0
CRD0624,0.5031,0,0.0,0
DEB0782,0.3165,0,0.0,0
DDM0579,0.3165,0,0.0,0
DDA0476,0.3165,0,0.0,0
DCC0160,0.3195,0,0.0,0
DBW0483,0.3165,0,0.0,0
DBS0235,0.5722,0,0.0,0
DBG0261,0.3195,0,0.0,0
DAR0885,0.5721,0,0.0,0
HLH0512,0.5563,0,0.0,0
HKR0628,0.5471,0,0.0,0
HKI0171,0.3195,0,0.0,0
HKF0831,0.3165,0,0.0,0
HKB0418,0.3421,0,0.0,0
HJS0072,0.5885,0,0.0,0
IAT0263,0.3195,0,0.0,0
IAR0694,0.5349,0,0.0,0
HWH0646,0.3734,0,0.0,0
HVB0037,0.3195,0,0.0,0
HTH0007,0.58,0,0.0,0
HTF0641,0.3165,0,0.0,0
HSP0290,0.3165,0,0.0,0
HSG0818,0.368,0,0.0,0
HSD0457,0.3376,0,0.0,0
HRW0550,0.3373,0,0.0,0
IJM0776,0.5621,0,0.0,1
IJM0139,0.3165,0,0.0,0
IIL0513,0.3165,0,0.0,0
IIA0092,0.3195,0,0.0,0
IHK0841,0.3165,0,0.0,0
IEB0153,0.555,0,0.0,0
IDO0176,0.3195,0,0.0,0
ICS0956,0.3195,0,0.0,0
IBP0883,0.5617,0,0.0,0
IWM0816,0.368,0,0.0,0
IUY0279,0.5893,0,0.0,0
IUB0565,0.5567,0,0.0,1
IRT0491,0.3165,0,0.0,0
IMP0530,0.3165,0,0.0,0
IMG0320,0.3195,0,0.0,0
IMB0481,0.3165,0,0.0,0
ILR0304,0.3165,0,0.0,0
CMM0487,0.3165,0,0.0,0
CLS0296,0.3165,0,0.0,0
CLH0703,0.3195,0,0.0,0
CLF0852,0.552,0,0.0,0
CLD0894,0.3165,0,0.0,0
CUD0795,0.3165,0,0.0,0
CTW0500,0.3165,0,0.0,0
CTR0697,0.5693,0,0.0,0
CSP0197,0.5344,0,0.0,0
CSL0949,0.3195,0,0.0,0
CSJ0340,0.3195,0,0.0,0
CSH0626,0.5725,0,0.0,0
ILC0838,0.3165,0,0.0,0
IJW0851,0.3527,0,0.0,0
IJR0825,0.3165,0,0.0,0
JCW0858,0.3195,0,0.0,0
JCV0245,0.3394,0,0.0,0
JCR0921,0.3165,0,0.0,0
JCR0770,0.3165,0,0.0,0
JCR0289,0.3165,0,0.0,0
JAM0382,0.3405,0,0.0,0
JAJ0849,0.5708,0,0.0,0
JAD0609,0.5236,0,0.0,0
IYB0918,0.3165,0,0.0,0
JKB0126,0.3165,0,0.0,0
JJH0292,0.5333,0,0.0,0
JJB0127,0.3165,0,0.0,0
JIM0095,0.3195,0,0.0,0
JIG0128,0.3165,0,0.0,0
CJK0200,0.3195,0,0.0,0
CJH0702,0.3195,0,0.0,0
CJG0470,0.3424,0,0.0,0
CJC0494,0.3165,0,0.0,0
CIM0926,0.5988,0,0.0,0
CQH0730,0.3397,0,0.0,0
COM0321,0.3195,0,0.0,0
COF0120,0.559,0,0.0,0
CNM0800,0.3165,0,0.0,0
CNE0352,0.3406,0,0.0,0
CNB0900,0.3165,0,0.0,0
CMW0783,0.3165,0,0.0,0
CMS0454,0.3385,0,0.0,0
JGM0934,0.3787,0,0.0,0
JFC0757,0.3165,0,0.0,0
JER0404,0.3433,0,0.0,0
JOM0750,0.3433,0,0.0,0
JOL0024,0.3195,0,0.0,0
JNA0559,0.3165,0,0.0,0
JMW0638,0.3165,0,0.0,0
JML0909,0.368,0,0.0,0
JMH0543,0.3897,0,0.0,0
JMC0925,0.5892,0,0.0,0
JLW0053,0.3376,0,0.0,0
JKM0303,0.3165,0,0.0,0
JKF0465,0.3394,0,0.0,0
KAT0270,0.3195,0,0.0,0
KAL0395,0.3376,0,0.0,0
KAC0124,0.3165,0,0.0,0
JZD0888,0.3165,0,0.0,0
JXH0493,0.3165,0,0.0,0
JSH0330,0.3195,0,0.0,0
JSA0775,0.3165,0,0.0,0
JRL0574,0.3165,0,0.0,0
JRH0455,0.3406,0,0.0,0
JRF0835,0.3165,0,0.0,0
JPW0741,0.3377,0,0.0,0
JPA0667,0.3383,0,0.0,0
KJG0910,0.3165,0,0.0,0
KJA0152,0.3165,0,0.0,0
KES0729,0.5619,0,0.0,0
KDT0346,0.3725,0,0.0,0
KDS0349,0.3376,0,0.0,0
KCB0815,0.373,0,0.0,0
KBS0874,0.3698,0,0.0,0
CEL0561,0.3649,0,0.0,0
CEJ0109,0.574,0,0.0,1
CEB0210,0.3195,0,0.0,0
CCW0524,0.3165,0,0.0,0
CCW0031,0.3195,0,0.0,0
CCR0863,0.3195,0,0.0,0
CKP0721,0.3195,0,0.0,0
CKH0144,0.3195,0,0.0,0
CKD0680,0.3391,0,0.0,0
CKB0482,0.3165,0,0.0,0
CKB0427,0.3421,0,0.0,0
CJV0286,0.3665,0,0.0,0
CJM0521,0.3165,0,0.0,0
CJM0138,0.3165,0,0.0,0
KBP0008,0.5511,0,0.0,0
KBL0260,0.3195,0,0.0,0
KBC0054,0.3165,0,0.0,0
KBB0189,0.3195,0,0.0,0
KAT0489,0.3165,0,0.0,0
KNW0644,0.3165,0,0.0,0
KNG0672,0.3376,0,0.0,0
KNB0022,0.3195,0,0.0,0
KMS0657,0.3165,0,0.0,0
KLM0639,0.3165,0,0.0,0
KKS0119,0.3683,0,0.0,0
KKC0683,0.3165,0,0.0,0
KJW0416,0.3394,0,0.0,0
KJS0618,0.3398,0,0.0,0
KJM0887,0.3165,0,0.0,0
KVT0028,0.3195,0,0.0,0
KVS0425,0.3401,0,0.0,0
KTG0091,0.3195,0,0.0,0
KSP0966,0.3195,0,0.0,0
KSH0569,0.3165,0,0.0,0
KRM0541,0.5882,0,0.0,0
KRL0501,0.5723,0,0.0,1
KRL0062,0.3195,0,0.0,0
CAN0842,0.3165,0,0.0,0
CAM0102,0.3195,0,0.0,0
CIG0052,0.3165,0,0.0,0
CHG0146,0.3165,0,0.0,0
CGF0337,0.3195,0,0.0,0
CGA0629,0.3377,0,0.0,0
CFW0264,0.3195,0,0.0,0
CFG0959,0.5402,0,0.0,0
KRG0158,0.3195,0,0.0,0
KQS0415,0.3377,0,0.0,0
KQC0708,0.3195,0,0.0,0
KPR0497,0.4825,0,0.0,0
KPP0452,0.3401,0,0.0,0
LEM0605,0.3427,0,0.0,0
LDM0587,0.3165,0,0.0,0
LDD0560,0.5493,0,0.0,0
LDB0090,0.3195,0,0.0,0
LCD0622,0.3421,0,0.0,0
LAP0338,0.3715,0,0.0,0
LAM0911,0.3608,0,0.0,0
LAF0991,0.3641,0,0.0,0
KWC0004,0.3394,0,0.0,0
LOF0311,0.3195,0,0.0,0
LNS0989,0.5605,0,0.0,0
LNR0656,0.3165,0,0.0,0
LMF0980,0.3698,0,0.0,0
LLV0602,0.3381,0,0.0,0
LJJ0905,0.5472,0,0.0,0
LJB0826,0.3165,0,0.0,0
BTW0005,0.5321,0,0.0,0
BTS0011,0.3195,0,0.0,0
BTL0722,0.3195,0,0.0,0
CCM0855,0.3195,0,0.0,0
CCM0467,0.3421,0,0.0,0
CCH0685,0.5472,0,0.0,0
CCH0182,0.3195,0,0.0,0
CCC0393,0.3376,0,0.0,0
CBG0490,0.3165,0,0.0,0
CBG0398,0.3383,0,0.0,0
LHN0151,0.3165,0,0.0,0
LHL0309,0.3195,0,0.0,0
LHB0967,0.3195,0,0.0,0
LHB0606,0.3373,0,0.0,0
LFS0071,0.3427,0,0.0,0
MAW0166,0.3195,0,0.0,0
MAH0864,0.3195,0,0.0,0
MAH0149,0.368,0,0.0,0
MAE0331,0.3195,0,0.0,0
MAD0753,0.3373,0,0.0,0
MAD0496,0.3165,0,0.0,0
XBN0229,0.3376,0,0.0,0
LTS0860,0.3195,0,0.0,0
LRW0970,0.3195,0,0.0,0
LQP0508,0.4981,0,0.0,0
LPH0572,0.3165,0,0.0,0
LPC0492,0.5361,0,0.0,0
MFV0897,0.3165,0,0.0,0
MES0407,0.3424,0,0.0,0
MDM0976,0.3373,0,0.0,0
MDH0686,0.5855,0,0.0,0
MCT0720,0.3195,0,0.0,0
MCS0035,0.3195,0,0.0,0
MCJ0324,0.3195,0,0.0,0
MCF0327,0.3195,0,0.0,0
MBW0809,0.3165,0,0.0,0
MBR0724,0.3195,0,0.0,0
MBG0438,0.3406,0,0.0,0
MKS0204,0.3195,0,0.0,0
MKP0861,0.3715,0,0.0,0
MKL0941,0.3195,0,0.0,0
MKG0711,0.3195,0,0.0,0
MJS0890,0.3165,0,0.0,0
MJM0510,0.4777,0,0.0,0
MJB0588,0.3165,0,0.0,0
MIM0712,0.3195,0,0.0,0
MIL0255,0.3195,0,0.0,0
MIC0726,0.3376,0,0.0,0
BNG0237,0.3886,0,0.0,0
BMS0877,0.3195,0,0.0,0
BMM0112,0.3165,0,0.0,0
BMC0547,0.3405,0,0.0,0
CAC0889,0.3165,0,0.0,0
CAB0388,0.3885,0,0.0,0
BYP0070,0.3381,0,0.0,0
BXJ0010,0.3439,0,0.0,0
BWH0813,0.3165,0,0.0,0
BVN0514,0.539,0,0.0,0
MIB0904,0.373,0,0.0,0
MHH0180,0.3675,0,0.0,0
MHG0733,0.3424,0,0.0,0
MHG0244,0.3385,0,0.0,0
MHA0798,0.3165,0,0.0,0
WVB0539,0.3421,0,0.0,0
MOP0763,0.3165,0,0.0,0
MNR0829,0.3165,0,0.0,0
MNC0717,0.5596,0,0.0,0
MMG0943,0.4957,0,0.0,0
MMB0488,0.3165,0,0.0,0
BHW0458,0.3381,0,0.0,0
BHC0665,0.4404,0,0.0,0
BER0314,0.3195,0,0.0,0
BEC0505,0.3165,0,0.0,0
BSS0463,0.5638,0,0.0,0
BSH0445,0.3376,0,0.0,0
BSB0990,0.3195,0,0.0,0
BSA0431,0.3394,0,0.0,0
YWW0660,0.3165,0,0.0,0
WGS0516,0.3165,0,0.0,0
BNR0965,0.3698,0,0.0,0
MLP0668,0.3376,0,0.0,0
MLG0475,0.3421,0,0.0,0
MLD0755,0.3914,0,0.0,0
NAF0033,0.3195,0,0.0,0
NAB0903,0.3165,0,0.0,0
NAB0801,0.3165,0,0.0,0
MVF0594,0.3165,0,0.0,0
MTT0901,0.5825,0,0.0,0
MSZ0310,0.3195,0,0.0,0
MSS0001,0.394,0,0.0,0
MSG0839,0.3165,0,0.0,0
MSD0939,0.3195,0,0.0,0
DLH0029,0.3195,0,0.0,0
NHE0919,0.3632,0,0.0,0
NGO0690,0.368,0,0.0,0
NCO0666,0.5679,0,0.0,0
NCK0421,0.3433,0,0.0,0
NCK0295,0.3165,0,0.0,0
BAM0636,0.3165,0,0.0,0
BAM0611,0.3897,0,0.0,0
BAK0964,0.3195,0,0.0,0
BLL0929,0.3195,0,0.0,0
BLB0114,0.5121,0,0.0,0
BJW0619,0.3433,0,0.0,0
BJH0811,0.3165,0,0.0,0
BJH0354,0.3165,0,0.0,0
NCH0179,0.3195,0,0.0,0
NCE0097,0.3195,0,0.0,0
NBH0256,0.3195,0,0.0,0
NBC0412,0.5729,0,0.0,0
NAR0981,0.3195,0,0.0,0
NAH0503,0.5696,0,0.0,0
NRF0137,0.3165,0,0.0,0
NRD0548,0.3405,0,0.0,0
NNS0059,0.3397,0,0.0,0
NNA0610,0.3373,0,0.0,0
NMG0766,0.3165,0,0.0,0
NMF0780,0.3165,0,0.0,0
NMC0486,0.3165,0,0.0,0
NMB0972,0.3195,0,0.0,0
NLO0131,0.3165,0,0.0,0
WAB0143,0.3195,0,0.0,0
NKH0979,0.5472,0,0.0,0
NKH0807,0.3165,0,0.0,0
NJC0705,0.3195,0,0.0,0
NJB0243,0.541,0,0.0,0
OLF0504,0.3165,0,0.0,0
OLB0749,0.3405,0,0.0,0
OKC0107,0.3165,0,0.0,0
OKB0439,0.3376,0,0.0,0
OJK0233,0.3397,0,0.0,0
OHC0973,0.3195,0,0.0,0
OCB0805,0.3165,0,0.0,0
NWK0215,0.5266,0,0.0,0
NUL0471,0.3933,0,0.0,0
NSS0876,0.3195,0,0.0,0
NSC0597,0.5855,0,0.0,0
NRO0768,0.3165,0,0.0,0
PEV0323,0.5468,0,0.0,0
PES0085,0.3674,0,0.0,0
PDW0259,0.5787,0,0.0,0
PBP0002,0.3433,0,0.0,0
OYM0026,0.5735,0,0.0,0
OSH0655,0.3165,0,0.0,0
ORM0669,0.5267,0,0.0,0
ORG0339,0.3195,0,0.0,0
ORB0473,0.3376,0,0.0,0
OQH0183,0.3195,0,0.0,0
ONW0083,0.3401,0,0.0,0
ONL0276,0.3195,0,0.0,0
OMS0101,0.3195,0,0.0,0
OMM0944,0.3195,0,0.0,0
POB0343,0.3195,0,0.0,0
PNL0301,0.5548,0,0.0,1
PMJ0564,0.5698,0,0.0,0
PLH0862,0.3195,0,0.0,0
PLH0715,0.3195,0,0.0,0
PKB0429,0.3401,0,0.0,0
ASG0692,0.3165,0,0.0,0
ASG0048,0.3377,0,0.0,0
ASD0577,0.3165,0,0.0,0
ASB0796,0.3165,0,0.0,0
ARL0034,0.3195,0,0.0,0
ARD0509,0.5507,0,0.0,0
WAS0254,0.3708,0,0.0,0
BDB0453,0.5658,0,0.0,0
BCR0581,0.5453,0,0.0,0
BCM0653,0.3165,0,0.0,0
BCB0679,0.5496,0,0.0,0
BBH0810,0.3165,0,0.0,0
PKB0281,0.3165,0,0.0,0
PIS0522,0.5019,0,0.0,0
YJV0699,0.3195,0,0.0,0
PGO0433,0.3376,0,0.0,0
PGH0184,0.3675,0,0.0,0
PGC0066,0.3405,0,0.0,0
RAM0447,0.397,0,0.0,0
RAH0440,0.3405,0,0.0,0
RAG0275,0.3195,0,0.0,0
QSV0778,0.3165,0,0.0,0
QPM0727,0.3424,0,0.0,0
QNF0205,0.3195,0,0.0,0
QCH0110,0.3165,0,0.0,0
PTH0830,0.3165,0,0.0,0
PTH0552,0.3911,0,0.0,0
PRM0740,0.3398,0,0.0,0
RHC0335,0.3195,0,0.0,0
RGN0408,0.3387,0,0.0,0
RGH0728,0.3376,0,0.0,0
RFP0380,0.3405,0,0.0,0
RDM0150,0.3165,0,0.0,0
RDM0115,0.3195,0,0.0,0
AAS0442,0.3859,0,0.0,0
AMW0392,0.396,0,0.0,0
AMV0036,0.3195,0,0.0,0
AMR0400,0.3401,0,0.0,0
AMM0014,0.3195,0,0.0,0
AWM0764,0.3165,0,0.0,0
ATF0274,0.3195,0,0.0,0
ASV0946,0.365,0,0.0,0
ASS0517,0.3649,0,0.0,0
ASS0206,0.3195,0,0.0,0
ASM0575,0.368,0,0.0,0
ASL0378,0.397,0,0.0,0
RCP0785,0.3165,0,0.0,0
RCC0617,0.3439,0,0.0,0
RBB0485,0.3165,0,0.0,0
RAS0432,0.3851,0,0.0,0
RRA0938,0.363,0,0.0,0
ROB0272,0.3195,0,0.0,0
RNL0695,0.364,0,0.0,0
RNF0765,0.3165,0,0.0,0
RMW0542,0.6017,0,0.0,1
RMS0266,0.3195,0,0.0,0
RLB0719,0.5879,0,0.0,0
RKF0164,0.3195,0,0.0,0
RJM0381,0.5641,0,0.0,0
RJB0088,0.3195,0,0.0,0
RIH0777,0.3165,0,0.0,0
RHY0079,0.5952,0,0.0,0
RHP0484,0.5361,0,0.0,0
SAH0599,0.3165,0,0.0,0
SAC0687,0.3165,0,0.0,0
SAC0592,0.364,0,0.0,0
SAB0781,0.5519,0,0.0,0
RZC0746,0.5401,0,0.0,0
RYB0718,0.3195,0,0.0,0
RVC0232,0.3401,0,0.0,0
AKK0329,0.3195,0,0.0,0
AKH0758,0.3165,0,0.0,0
AKF0709,0.3195,0,0.0,0
AKC0924,0.3165,0,0.0,0
ARB0881,0.3165,0,0.0,0
ARB0834,0.3165,0,0.0,0
ARA0252,0.3958,0,0.0,0
AQD0820,0.3165,0,0.0,0
APG0307,0.3165,0,0.0,0
AOS0987,0.5385,0,0.0,0
AOB0019,0.3397,0,0.0,0
ANT0430,0.5564,0,0.0,0
ANP0555,0.3427,0,0.0,0
SED0886,0.5719,0,0.0,0
SDO0170,0.362,0,0.0,0
SDF0017,0.3376,0,0.0,0
SDB0106,0.5422,0,0.0,0
SCF0608,0.3376,0,0.0,0
SCB0534,0.3165,0,0.0,0
SBQ0786,0.3165,0,0.0,0
SBN0495,0.3165,0,0.0,0
SBK0161,0.5178,0,0.0,0
SBH0537,0.5644,0,0.0,0
SBD0913,0.3195,0,0.0,0
SAT0194,0.3165,0,0.0,0
SAP0867,0.3195,0,0.0,0
SLB0049,0.3165,0,0.0,0
SKG0759,0.3165,0,0.0,0
SJW0451,0.3406,0,0.0,0
SJF0094,0.3195,0,0.0,0
SJC0333,0.5235,0,0.0,0
SIJ0661,0.3424,0,0.0,0
SHW0578,0.3165,0,0.0,0
SHR0334,0.3195,0,0.0,0
SGS0268,0.3195,0,0.0,0
SGG0787,0.3595,0,0.0,0
SGB0140,0.5377,0,0.0,0
SES0477,0.368,0,0.0,0
SER0165,0.3195,0,0.0,0
SEJ0677,0.3427,0,0.0,0
SSG0250,0.4054,0,0.0,0
SRS0231,0.3385,0,0.0,0
SRH0155,0.5939,0,0.0,0
SPA0141,0.5832,0,0.0,0
SOG0411,0.3424,0,0.0,0
SOF0808,0.3165,0,0.0,0
SOB0586,0.3165,0,0.0,0
SNS0129,0.3195,0,0.0,0
SMW0084,0.3391,0,0.0,0
SMH0291,0.5659,0,0.0,0
SMB0804,0.3165,0,0.0,0
SLT0907,0.3165,0,0.0,0
SLP0762,0.3165,0,0.0,0
TEB0251,0.5634,0,0.0,0
TDJ0998,0.368,0,0.0,0
TDG0962,0.5443,0,0.0,0
TCD0009,0.3165,0,0.0,0
TBT0461,0.3394,0,0.0,0
TAC0300,0.3165,0,0.0,0
SXM0895,0.3165,0,0.0,0
SVS0871,0.5542,0,0.0,0
SVL0940,0.3195,0,0.0,0
SVL0803,0.3165,0,0.0,0
SSS0345,0.3195,0,0.0,0
SSR0278,0.3165,0,0.0,0
SSJ0784,0.5683,0,0.0,0
SSH0799,0.4749,0,0.0,0
TPH0474,0.3381,0,0.0,0
TOR0193,0.5887,0,0.0,0
TMA0069,0.3376,0,0.0,0
TLM0797,0.3165,0,0.0,0
TLK0993,0.3165,0,0.0,0
TLH0648,0.3165,0,0.0,0
TJG0582,0.3165,0,0.0,0
TJD0996,0.3165,0,0.0,0
TJB0302,0.3165,0,0.0,0
TIW0299,0.3165,0,0.0,0
THD0448,0.3377,0,0.0,0
TET0621,0.5031,0,0.0,0
TEM0977,0.3376,0,0.0,0
TEM0093,0.3195,0,0.0,0
UCS0227,0.3376,0,0.0,0
UCH0519,0.3165,0,0.0,0
UBF0645,0.3165,0,0.0,0
TYB0779,0.3666,0,0.0,0
YCE0983,0.3195,0,0.0,0
TVS0006,0.5465,0,0.0,0
TUC0632,0.3165,0,0.0,0
TTD1000,0.3165,0,0.0,0
AAW0353,0.3376,0,0.0,0
AIP0394,0.5832,0,0.0,0
AIM0627,0.3433,0,0.0,0
AIH0675,0.3397,0,0.0,0
AHG0634,0.582,0,0.0,0
AMJ0297,0.3165,0,0.0,0
AMH0794,0.3165,0,0.0,0
AMH0464,0.3381,0,0.0,0
AMD0077,0.3195,0,0.0,0
ALH0402,0.3424,0,0.0,0
ALD0544,0.3373,0,0.0,0
ALD0529,0.368,0,0.0,0
ALC0788,0.3165,0,0.0,0
ALB0892,0.3165,0,0.0,0
AKW0167,0.3195,0,0.0,0
TSM0927,0.3165,0,0.0,0
TSG0906,0.3618,0,0.0,0
TSB0437,0.3377,0,0.0,0
TRK0914,0.3165,0,0.0,0
XLB0710,0.3195,0,0.0,0
WGR0833,0.3165,0,0.0,0
VMJ0147,0.3165,0,0.0,0
VLB0647,0.3165,0,0.0,0
VEB0935,0.3195,0,0.0,0
VCY0751,0.3932,0,0.0,0
VAA0087,0.5715,0,0.0,0
UJC0737,0.3405,0,0.0,0
UFK0208,0.5696,0,0.0,0
WNB0908,0.3618,0,0.0,0
WLV0566,0.3165,0,0.0,0
WKF0012,0.3195,0,0.0,0
WKD0013,0.5752,0,0.0,0
WJD0576,0.3165,0,0.0,0
WIQ0567,0.5634,0,0.0,0
ZSL0305,0.3165,0,0.0,0
AAF0535,0.5593,0,0.0,1
ZSK0258,0.3195,0,0.0,0
ZSB0649,0.3165,0,0.0,0
ZMC0284,0.3165,0,0.0,0
ZJS0269,0.3195,0,0.0,0
WDV0573,0.5991,0,0.0,0
ZFM0468,0.3405,0,0.0,0
WTR0563,0.3165,0,0.0,0
ZCF0590,0.3165,0,0.0,0
ABN0239,0.3926,0,0.0,0
ABM0845,0.5477,0,0.0,0
ABH0663,0.3195,0,0.0,0
ABC0253,0.3708,0,0.0,0
AAV0450,0.3391,0,0.0,0
XRS0633,0.3632,0,0.0,0
AAN0823,0.3165,0,0.0,0
YJF0532,0.4983,0,0.0,0
YIC0195,0.5428,0,0.0,0
YEV0793,0.3165,0,0.0,0
AAL0706,0.3195,0,0.0,0
AHC0142,0.5894,0,0.0,0
AGB0643,0.3165,0,0.0,0
AGB0186,0.3195,0,0.0,0
AES0827,0.3165,0,0.0,0
ADF0397,0.3376,0,0.0,0
ADD0846,0.3165,0,0.0,0
ADC0391,0.3979,0,0.0,0
WPE0538,0.3165,0,0.0,0
DMM0623,0.3897,0,0.0,0
DLS0383,0.3855,0,0.0,0
XHW0498,0.5722,0,0.0,1
